,Codi_Districte,Nom_Districte,Nom_Barri,AEB,Seccio_Censal,Valor,Codi_Barri,_id,Any
0,1,Ciutat Vella,el Raval,1,1001,70,1,1,2024
1,1,Ciutat Vella,el Raval,1,1002,74,1,2,2024
2,1,Ciutat Vella,el Raval,2,1003,218,1,3,2024
3,1,Ciutat Vella,el Raval,2,1004,160,1,4,2024
4,1,Ciutat Vella,el Raval,3,1005,103,1,5,2024
5,1,Ciutat Vella,el Raval,3,1006,67,1,6,2024
6,1,Ciutat Vella,el Raval,3,1007,101,1,7,2024
7,1,Ciutat Vella,el Raval,4,1008,202,1,8,2024
8,1,Ciutat Vella,el Raval,4,1009,124,1,9,2024
9,1,Ciutat Vella,el Raval,4,1010,118,1,10,2024
10,1,Ciutat Vella,el Raval,5,1011,173,1,11,2024
11,1,Ciutat Vella,el Raval,5,1012,93,1,12,2024
12,1,Ciutat Vella,el Raval,5,1013,46,1,13,2024
13,1,Ciutat Vella,el Raval,6,1014,77,1,14,2024
14,1,Ciutat Vella,el Raval,6,1015,80,1,15,2024
15,1,Ciutat Vella,el Raval,6,1016,97,1,16,2024
16,1,Ciutat Vella,el Raval,6,1017,131,1,17,2024
17,1,Ciutat Vella,el Raval,7,1018,66,1,18,2024
18,1,Ciutat Vella,el Raval,7,1019,140,1,19,2024
19,1,Ciutat Vella,el Raval,7,1020,121,1,20,2024
20,1,Ciutat Vella,el Raval,8,1021,130,1,21,2024
21,1,Ciutat Vella,el Barri Gòtic,9,1022,113,2,22,2024
22,1,Ciutat Vella,el Barri Gòtic,9,1023,95,2,23,2024
23,1,Ciutat Vella,el Barri Gòtic,10,1025,74,2,24,2024
24,1,Ciutat Vella,el Barri Gòtic,10,1026,890,2,25,2024
25,1,Ciutat Vella,el Barri Gòtic,10,1027,126,2,26,2024
26,1,Ciutat Vella,el Barri Gòtic,11,1028,123,2,27,2024
27,1,Ciutat Vella,el Barri Gòtic,11,1029,97,2,28,2024
28,1,Ciutat Vella,el Barri Gòtic,12,1030,147,2,29,2024
29,1,Ciutat Vella,el Barri Gòtic,12,1031,122,2,30,2024
30,1,Ciutat Vella,la Barceloneta,13,1032,78,3,31,2024
31,1,Ciutat Vella,la Barceloneta,13,1033,68,3,32,2024
32,1,Ciutat Vella,la Barceloneta,13,1034,63,3,33,2024
33,1,Ciutat Vella,la Barceloneta,14,1035,74,3,34,2024
34,1,Ciutat Vella,la Barceloneta,14,1036,45,3,35,2024
35,1,Ciutat Vella,la Barceloneta,15,1037,65,3,36,2024
36,1,Ciutat Vella,la Barceloneta,15,1038,90,3,37,2024
37,1,Ciutat Vella,la Barceloneta,15,1039,60,3,38,2024
38,1,Ciutat Vella,la Barceloneta,15,1040,60,3,39,2024
39,1,Ciutat Vella,la Barceloneta,15,1041,87,3,40,2024
40,1,Ciutat Vella,la Barceloneta,15,1042,80,3,41,2024
41,1,Ciutat Vella,"Sant Pere, Santa Caterina i la Ribera",16,1043,72,4,42,2024
42,1,Ciutat Vella,"Sant Pere, Santa Caterina i la Ribera",16,1044,78,4,43,2024
43,1,Ciutat Vella,"Sant Pere, Santa Caterina i la Ribera",16,1045,121,4,44,2024
44,1,Ciutat Vella,"Sant Pere, Santa Caterina i la Ribera",16,1046,74,4,45,2024
45,1,Ciutat Vella,"Sant Pere, Santa Caterina i la Ribera",17,1047,90,4,46,2024
46,1,Ciutat Vella,"Sant Pere, Santa Caterina i la Ribera",17,1048,108,4,47,2024
47,1,Ciutat Vella,"Sant Pere, Santa Caterina i la Ribera",17,1049,64,4,48,2024
48,1,Ciutat Vella,"Sant Pere, Santa Caterina i la Ribera",18,1050,89,4,49,2024
49,1,Ciutat Vella,"Sant Pere, Santa Caterina i la Ribera",18,1051,97,4,50,2024
50,1,Ciutat Vella,"Sant Pere, Santa Caterina i la Ribera",18,1052,83,4,51,2024
51,1,Ciutat Vella,"Sant Pere, Santa Caterina i la Ribera",19,1053,76,4,52,2024
52,1,Ciutat Vella,"Sant Pere, Santa Caterina i la Ribera",19,1054,48,4,53,2024
53,1,Ciutat Vella,"Sant Pere, Santa Caterina i la Ribera",19,1055,48,4,54,2024
54,2,Eixample,el Fort Pienc,20,2001,48,5,55,2024
55,2,Eixample,el Fort Pienc,20,2002,508,5,56,2024
56,2,Eixample,el Fort Pienc,20,2003,34,5,57,2024
57,2,Eixample,el Fort Pienc,20,2004,62,5,58,2024
58,2,Eixample,el Fort Pienc,20,2005,96,5,59,2024
59,2,Eixample,el Fort Pienc,20,2006,60,5,60,2024
60,2,Eixample,el Fort Pienc,20,2007,43,5,61,2024
61,2,Eixample,el Fort Pienc,20,2008,66,5,62,2024
62,2,Eixample,el Fort Pienc,20,2009,72,5,63,2024
63,2,Eixample,el Fort Pienc,21,2010,58,5,64,2024
64,2,Eixample,el Fort Pienc,21,2011,50,5,65,2024
65,2,Eixample,el Fort Pienc,21,2012,86,5,66,2024
66,2,Eixample,el Fort Pienc,21,2013,51,5,67,2024
67,2,Eixample,el Fort Pienc,22,2014,71,5,68,2024
68,2,Eixample,el Fort Pienc,22,2015,65,5,69,2024
69,2,Eixample,el Fort Pienc,22,2016,76,5,70,2024
70,2,Eixample,el Fort Pienc,22,2017,83,5,71,2024
71,2,Eixample,el Fort Pienc,22,2018,66,5,72,2024
72,2,Eixample,el Fort Pienc,22,2019,86,5,73,2024
73,2,Eixample,el Fort Pienc,22,2020,76,5,74,2024
74,2,Eixample,la Sagrada Família,23,2021,65,6,75,2024
75,2,Eixample,la Sagrada Família,23,2022,49,6,76,2024
76,2,Eixample,la Sagrada Família,23,2023,32,6,77,2024
77,2,Eixample,la Sagrada Família,23,2024,63,6,78,2024
78,2,Eixample,la Sagrada Família,24,2025,47,6,79,2024
79,2,Eixample,la Sagrada Família,24,2026,98,6,80,2024
80,2,Eixample,la Sagrada Família,24,2027,82,6,81,2024
81,2,Eixample,la Sagrada Família,24,2028,92,6,82,2024
82,2,Eixample,la Sagrada Família,24,2029,51,6,83,2024
83,2,Eixample,la Sagrada Família,24,2030,61,6,84,2024
84,2,Eixample,la Sagrada Família,24,2031,26,6,85,2024
85,2,Eixample,la Sagrada Família,24,2032,48,6,86,2024
86,2,Eixample,la Sagrada Família,25,2033,54,6,87,2024
87,2,Eixample,la Sagrada Família,25,2034,65,6,88,2024
88,2,Eixample,la Sagrada Família,25,2035,74,6,89,2024
89,2,Eixample,la Sagrada Família,25,2036,37,6,90,2024
90,2,Eixample,la Sagrada Família,25,2037,39,6,91,2024
91,2,Eixample,la Sagrada Família,25,2038,42,6,92,2024
92,2,Eixample,la Sagrada Família,25,2039,90,6,93,2024
93,2,Eixample,la Sagrada Família,25,2040,79,6,94,2024
94,2,Eixample,la Sagrada Família,26,2041,58,6,95,2024
95,2,Eixample,la Sagrada Família,26,2042,76,6,96,2024
96,2,Eixample,la Sagrada Família,26,2043,56,6,97,2024
97,2,Eixample,la Sagrada Família,26,2044,72,6,98,2024
98,2,Eixample,la Sagrada Família,26,2045,39,6,99,2024
99,2,Eixample,la Sagrada Família,26,2046,82,6,100,2024
